,Source,Sink,Time,Value
0,PGE_valley,PGE_valley,1,
1,PGE_valley,PGE_valley,2,
2,PGE_valley,PGE_valley,3,
3,PGE_valley,PGE_valley,4,
4,PGE_valley,PGE_valley,5,
5,PGE_valley,PGE_valley,6,
6,PGE_valley,PGE_valley,7,
7,PGE_valley,PGE_valley,8,
8,PGE_valley,PGE_valley,9,
9,PGE_valley,PGE_valley,10,
10,PGE_valley,PGE_valley,11,
11,PGE_valley,PGE_valley,12,
12,PGE_valley,PGE_valley,13,
13,PGE_valley,PGE_valley,14,
14,PGE_valley,PGE_valley,15,
15,PGE_valley,PGE_valley,16,
16,PGE_valley,PGE_valley,17,
17,PGE_valley,PGE_valley,18,
18,PGE_valley,PGE_valley,19,
19,PGE_valley,PGE_valley,20,
20,PGE_valley,PGE_valley,21,
21,PGE_valley,PGE_valley,22,
22,PGE_valley,PGE_valley,23,
23,PGE_valley,PGE_valley,24,
24,PGE_valley,SCE,1,
25,PGE_valley,SCE,2,
26,PGE_valley,SCE,3,
27,PGE_valley,SCE,4,
28,PGE_valley,SCE,5,
29,PGE_valley,SCE,6,
30,PGE_valley,SCE,7,
31,PGE_valley,SCE,8,
32,PGE_valley,SCE,9,
33,PGE_valley,SCE,10,
34,PGE_valley,SCE,11,
35,PGE_valley,SCE,12,
36,PGE_valley,SCE,13,
37,PGE_valley,SCE,14,
38,PGE_valley,SCE,15,
39,PGE_valley,SCE,16,
40,PGE_valley,SCE,17,
41,PGE_valley,SCE,18,
42,PGE_valley,SCE,19,
43,PGE_valley,SCE,20,
44,PGE_valley,SCE,21,
45,PGE_valley,SCE,22,
46,PGE_valley,SCE,23,
47,PGE_valley,SCE,24,
48,PGE_valley,PNW,1,
49,PGE_valley,PNW,2,
50,PGE_valley,PNW,3,
51,PGE_valley,PNW,4,
52,PGE_valley,PNW,5,
53,PGE_valley,PNW,6,
54,PGE_valley,PNW,7,
55,PGE_valley,PNW,8,
56,PGE_valley,PNW,9,
57,PGE_valley,PNW,10,
58,PGE_valley,PNW,11,
59,PGE_valley,PNW,12,
60,PGE_valley,PNW,13,
61,PGE_valley,PNW,14,
62,PGE_valley,PNW,15,
63,PGE_valley,PNW,16,
64,PGE_valley,PNW,17,
65,PGE_valley,PNW,18,
66,PGE_valley,PNW,19,
67,PGE_valley,PNW,20,
68,PGE_valley,PNW,21,
69,PGE_valley,PNW,22,
70,PGE_valley,PNW,23,
71,PGE_valley,PNW,24,
72,PGE_valley,SDGE,1,
73,PGE_valley,SDGE,2,
74,PGE_valley,SDGE,3,
75,PGE_valley,SDGE,4,
76,PGE_valley,SDGE,5,
77,PGE_valley,SDGE,6,
78,PGE_valley,SDGE,7,
79,PGE_valley,SDGE,8,
80,PGE_valley,SDGE,9,
81,PGE_valley,SDGE,10,
82,PGE_valley,SDGE,11,
83,PGE_valley,SDGE,12,
84,PGE_valley,SDGE,13,
85,PGE_valley,SDGE,14,
86,PGE_valley,SDGE,15,
87,PGE_valley,SDGE,16,
88,PGE_valley,SDGE,17,
89,PGE_valley,SDGE,18,
90,PGE_valley,SDGE,19,
91,PGE_valley,SDGE,20,
92,PGE_valley,SDGE,21,
93,PGE_valley,SDGE,22,
94,PGE_valley,SDGE,23,
95,PGE_valley,SDGE,24,
96,PGE_valley,PGE_bay,1,
97,PGE_valley,PGE_bay,2,
98,PGE_valley,PGE_bay,3,
99,PGE_valley,PGE_bay,4,
100,PGE_valley,PGE_bay,5,
101,PGE_valley,PGE_bay,6,
102,PGE_valley,PGE_bay,7,
103,PGE_valley,PGE_bay,8,
104,PGE_valley,PGE_bay,9,
105,PGE_valley,PGE_bay,10,
106,PGE_valley,PGE_bay,11,
107,PGE_valley,PGE_bay,12,
108,PGE_valley,PGE_bay,13,
109,PGE_valley,PGE_bay,14,
110,PGE_valley,PGE_bay,15,
111,PGE_valley,PGE_bay,16,
112,PGE_valley,PGE_bay,17,
113,PGE_valley,PGE_bay,18,
114,PGE_valley,PGE_bay,19,
115,PGE_valley,PGE_bay,20,
116,PGE_valley,PGE_bay,21,
117,PGE_valley,PGE_bay,22,
118,PGE_valley,PGE_bay,23,
119,PGE_valley,PGE_bay,24,
120,SCE,PGE_valley,1,
121,SCE,PGE_valley,2,
122,SCE,PGE_valley,3,
123,SCE,PGE_valley,4,
124,SCE,PGE_valley,5,
125,SCE,PGE_valley,6,
126,SCE,PGE_valley,7,
127,SCE,PGE_valley,8,
128,SCE,PGE_valley,9,
129,SCE,PGE_valley,10,
130,SCE,PGE_valley,11,
131,SCE,PGE_valley,12,
132,SCE,PGE_valley,13,
133,SCE,PGE_valley,14,
134,SCE,PGE_valley,15,
135,SCE,PGE_valley,16,
136,SCE,PGE_valley,17,
137,SCE,PGE_valley,18,
138,SCE,PGE_valley,19,
139,SCE,PGE_valley,20,
140,SCE,PGE_valley,21,
141,SCE,PGE_valley,22,
142,SCE,PGE_valley,23,
143,SCE,PGE_valley,24,
144,SCE,SCE,1,
145,SCE,SCE,2,
146,SCE,SCE,3,
147,SCE,SCE,4,
148,SCE,SCE,5,
149,SCE,SCE,6,
150,SCE,SCE,7,
151,SCE,SCE,8,
152,SCE,SCE,9,
153,SCE,SCE,10,
154,SCE,SCE,11,
155,SCE,SCE,12,
156,SCE,SCE,13,
157,SCE,SCE,14,
158,SCE,SCE,15,
159,SCE,SCE,16,
160,SCE,SCE,17,
161,SCE,SCE,18,
162,SCE,SCE,19,
163,SCE,SCE,20,
164,SCE,SCE,21,
165,SCE,SCE,22,
166,SCE,SCE,23,
167,SCE,SCE,24,
168,SCE,PNW,1,
169,SCE,PNW,2,
170,SCE,PNW,3,
171,SCE,PNW,4,
172,SCE,PNW,5,
173,SCE,PNW,6,
174,SCE,PNW,7,
175,SCE,PNW,8,
176,SCE,PNW,9,
177,SCE,PNW,10,
178,SCE,PNW,11,
179,SCE,PNW,12,
180,SCE,PNW,13,
181,SCE,PNW,14,
182,SCE,PNW,15,
183,SCE,PNW,16,
184,SCE,PNW,17,
185,SCE,PNW,18,
186,SCE,PNW,19,
187,SCE,PNW,20,
188,SCE,PNW,21,
189,SCE,PNW,22,
190,SCE,PNW,23,
191,SCE,PNW,24,
192,SCE,SDGE,1,
193,SCE,SDGE,2,
194,SCE,SDGE,3,
195,SCE,SDGE,4,
196,SCE,SDGE,5,
197,SCE,SDGE,6,
198,SCE,SDGE,7,
199,SCE,SDGE,8,
200,SCE,SDGE,9,
201,SCE,SDGE,10,
202,SCE,SDGE,11,
203,SCE,SDGE,12,
204,SCE,SDGE,13,
205,SCE,SDGE,14,
206,SCE,SDGE,15,
207,SCE,SDGE,16,
208,SCE,SDGE,17,
209,SCE,SDGE,18,
210,SCE,SDGE,19,
211,SCE,SDGE,20,
212,SCE,SDGE,21,
213,SCE,SDGE,22,
214,SCE,SDGE,23,
215,SCE,SDGE,24,
216,SCE,PGE_bay,1,
217,SCE,PGE_bay,2,
218,SCE,PGE_bay,3,
219,SCE,PGE_bay,4,
220,SCE,PGE_bay,5,
221,SCE,PGE_bay,6,
222,SCE,PGE_bay,7,
223,SCE,PGE_bay,8,
224,SCE,PGE_bay,9,
225,SCE,PGE_bay,10,
226,SCE,PGE_bay,11,
227,SCE,PGE_bay,12,
228,SCE,PGE_bay,13,
229,SCE,PGE_bay,14,
230,SCE,PGE_bay,15,
231,SCE,PGE_bay,16,
232,SCE,PGE_bay,17,
233,SCE,PGE_bay,18,
234,SCE,PGE_bay,19,
235,SCE,PGE_bay,20,
236,SCE,PGE_bay,21,
237,SCE,PGE_bay,22,
238,SCE,PGE_bay,23,
239,SCE,PGE_bay,24,
240,PNW,PGE_valley,1,
241,PNW,PGE_valley,2,
242,PNW,PGE_valley,3,
243,PNW,PGE_valley,4,
244,PNW,PGE_valley,5,
245,PNW,PGE_valley,6,
246,PNW,PGE_valley,7,
247,PNW,PGE_valley,8,
248,PNW,PGE_valley,9,
249,PNW,PGE_valley,10,
250,PNW,PGE_valley,11,
251,PNW,PGE_valley,12,
252,PNW,PGE_valley,13,
253,PNW,PGE_valley,14,
254,PNW,PGE_valley,15,
255,PNW,PGE_valley,16,
256,PNW,PGE_valley,17,
257,PNW,PGE_valley,18,
258,PNW,PGE_valley,19,
259,PNW,PGE_valley,20,
260,PNW,PGE_valley,21,
261,PNW,PGE_valley,22,
262,PNW,PGE_valley,23,
263,PNW,PGE_valley,24,
264,PNW,SCE,1,
265,PNW,SCE,2,
266,PNW,SCE,3,
267,PNW,SCE,4,
268,PNW,SCE,5,
269,PNW,SCE,6,
270,PNW,SCE,7,
271,PNW,SCE,8,
272,PNW,SCE,9,
273,PNW,SCE,10,
274,PNW,SCE,11,
275,PNW,SCE,12,
276,PNW,SCE,13,
277,PNW,SCE,14,
278,PNW,SCE,15,
279,PNW,SCE,16,
280,PNW,SCE,17,
281,PNW,SCE,18,
282,PNW,SCE,19,
283,PNW,SCE,20,
284,PNW,SCE,21,
285,PNW,SCE,22,
286,PNW,SCE,23,
287,PNW,SCE,24,
288,PNW,PNW,1,
289,PNW,PNW,2,
290,PNW,PNW,3,
291,PNW,PNW,4,
292,PNW,PNW,5,
293,PNW,PNW,6,
294,PNW,PNW,7,
295,PNW,PNW,8,
296,PNW,PNW,9,
297,PNW,PNW,10,
298,PNW,PNW,11,
299,PNW,PNW,12,
300,PNW,PNW,13,
301,PNW,PNW,14,
302,PNW,PNW,15,
303,PNW,PNW,16,
304,PNW,PNW,17,
305,PNW,PNW,18,
306,PNW,PNW,19,
307,PNW,PNW,20,
308,PNW,PNW,21,
309,PNW,PNW,22,
310,PNW,PNW,23,
311,PNW,PNW,24,
312,PNW,SDGE,1,
313,PNW,SDGE,2,
314,PNW,SDGE,3,
315,PNW,SDGE,4,
316,PNW,SDGE,5,
317,PNW,SDGE,6,
318,PNW,SDGE,7,
319,PNW,SDGE,8,
320,PNW,SDGE,9,
321,PNW,SDGE,10,
322,PNW,SDGE,11,
323,PNW,SDGE,12,
324,PNW,SDGE,13,
325,PNW,SDGE,14,
326,PNW,SDGE,15,
327,PNW,SDGE,16,
328,PNW,SDGE,17,
329,PNW,SDGE,18,
330,PNW,SDGE,19,
331,PNW,SDGE,20,
332,PNW,SDGE,21,
333,PNW,SDGE,22,
334,PNW,SDGE,23,
335,PNW,SDGE,24,
336,PNW,PGE_bay,1,
337,PNW,PGE_bay,2,
338,PNW,PGE_bay,3,
339,PNW,PGE_bay,4,
340,PNW,PGE_bay,5,
341,PNW,PGE_bay,6,
342,PNW,PGE_bay,7,
343,PNW,PGE_bay,8,
344,PNW,PGE_bay,9,
345,PNW,PGE_bay,10,
346,PNW,PGE_bay,11,
347,PNW,PGE_bay,12,
348,PNW,PGE_bay,13,
349,PNW,PGE_bay,14,
350,PNW,PGE_bay,15,
351,PNW,PGE_bay,16,
352,PNW,PGE_bay,17,
353,PNW,PGE_bay,18,
354,PNW,PGE_bay,19,
355,PNW,PGE_bay,20,
356,PNW,PGE_bay,21,
357,PNW,PGE_bay,22,
358,PNW,PGE_bay,23,
359,PNW,PGE_bay,24,
360,SDGE,PGE_valley,1,
361,SDGE,PGE_valley,2,
362,SDGE,PGE_valley,3,
363,SDGE,PGE_valley,4,
364,SDGE,PGE_valley,5,
365,SDGE,PGE_valley,6,
366,SDGE,PGE_valley,7,
367,SDGE,PGE_valley,8,
368,SDGE,PGE_valley,9,
369,SDGE,PGE_valley,10,
370,SDGE,PGE_valley,11,
371,SDGE,PGE_valley,12,
372,SDGE,PGE_valley,13,
373,SDGE,PGE_valley,14,
374,SDGE,PGE_valley,15,
375,SDGE,PGE_valley,16,
376,SDGE,PGE_valley,17,
377,SDGE,PGE_valley,18,
378,SDGE,PGE_valley,19,
379,SDGE,PGE_valley,20,
380,SDGE,PGE_valley,21,
381,SDGE,PGE_valley,22,
382,SDGE,PGE_valley,23,
383,SDGE,PGE_valley,24,
384,SDGE,SCE,1,
385,SDGE,SCE,2,
386,SDGE,SCE,3,
387,SDGE,SCE,4,
388,SDGE,SCE,5,
389,SDGE,SCE,6,
390,SDGE,SCE,7,
391,SDGE,SCE,8,
392,SDGE,SCE,9,
393,SDGE,SCE,10,
394,SDGE,SCE,11,
395,SDGE,SCE,12,
396,SDGE,SCE,13,
397,SDGE,SCE,14,
398,SDGE,SCE,15,
399,SDGE,SCE,16,
400,SDGE,SCE,17,
401,SDGE,SCE,18,
402,SDGE,SCE,19,
403,SDGE,SCE,20,
404,SDGE,SCE,21,
405,SDGE,SCE,22,
406,SDGE,SCE,23,
407,SDGE,SCE,24,
408,SDGE,PNW,1,
409,SDGE,PNW,2,
410,SDGE,PNW,3,
411,SDGE,PNW,4,
412,SDGE,PNW,5,
413,SDGE,PNW,6,
414,SDGE,PNW,7,
415,SDGE,PNW,8,
416,SDGE,PNW,9,
417,SDGE,PNW,10,
418,SDGE,PNW,11,
419,SDGE,PNW,12,
420,SDGE,PNW,13,
421,SDGE,PNW,14,
422,SDGE,PNW,15,
423,SDGE,PNW,16,
424,SDGE,PNW,17,
425,SDGE,PNW,18,
426,SDGE,PNW,19,
427,SDGE,PNW,20,
428,SDGE,PNW,21,
429,SDGE,PNW,22,
430,SDGE,PNW,23,
431,SDGE,PNW,24,
432,SDGE,SDGE,1,
433,SDGE,SDGE,2,
434,SDGE,SDGE,3,
435,SDGE,SDGE,4,
436,SDGE,SDGE,5,
437,SDGE,SDGE,6,
438,SDGE,SDGE,7,
439,SDGE,SDGE,8,
440,SDGE,SDGE,9,
441,SDGE,SDGE,10,
442,SDGE,SDGE,11,
443,SDGE,SDGE,12,
444,SDGE,SDGE,13,
445,SDGE,SDGE,14,
446,SDGE,SDGE,15,
447,SDGE,SDGE,16,
448,SDGE,SDGE,17,
449,SDGE,SDGE,18,
450,SDGE,SDGE,19,
451,SDGE,SDGE,20,
452,SDGE,SDGE,21,
453,SDGE,SDGE,22,
454,SDGE,SDGE,23,
455,SDGE,SDGE,24,
456,SDGE,PGE_bay,1,
457,SDGE,PGE_bay,2,
458,SDGE,PGE_bay,3,
459,SDGE,PGE_bay,4,
460,SDGE,PGE_bay,5,
461,SDGE,PGE_bay,6,
462,SDGE,PGE_bay,7,
463,SDGE,PGE_bay,8,
464,SDGE,PGE_bay,9,
465,SDGE,PGE_bay,10,
466,SDGE,PGE_bay,11,
467,SDGE,PGE_bay,12,
468,SDGE,PGE_bay,13,
469,SDGE,PGE_bay,14,
470,SDGE,PGE_bay,15,
471,SDGE,PGE_bay,16,
472,SDGE,PGE_bay,17,
473,SDGE,PGE_bay,18,
474,SDGE,PGE_bay,19,
475,SDGE,PGE_bay,20,
476,SDGE,PGE_bay,21,
477,SDGE,PGE_bay,22,
478,SDGE,PGE_bay,23,
479,SDGE,PGE_bay,24,
480,PGE_bay,PGE_valley,1,
481,PGE_bay,PGE_valley,2,
482,PGE_bay,PGE_valley,3,
483,PGE_bay,PGE_valley,4,
484,PGE_bay,PGE_valley,5,
485,PGE_bay,PGE_valley,6,
486,PGE_bay,PGE_valley,7,
487,PGE_bay,PGE_valley,8,
488,PGE_bay,PGE_valley,9,
489,PGE_bay,PGE_valley,10,
490,PGE_bay,PGE_valley,11,
491,PGE_bay,PGE_valley,12,
492,PGE_bay,PGE_valley,13,
493,PGE_bay,PGE_valley,14,
494,PGE_bay,PGE_valley,15,
495,PGE_bay,PGE_valley,16,
496,PGE_bay,PGE_valley,17,
497,PGE_bay,PGE_valley,18,
498,PGE_bay,PGE_valley,19,
499,PGE_bay,PGE_valley,20,
500,PGE_bay,PGE_valley,21,
501,PGE_bay,PGE_valley,22,
502,PGE_bay,PGE_valley,23,
503,PGE_bay,PGE_valley,24,
504,PGE_bay,SCE,1,
505,PGE_bay,SCE,2,
506,PGE_bay,SCE,3,
507,PGE_bay,SCE,4,
508,PGE_bay,SCE,5,
509,PGE_bay,SCE,6,
510,PGE_bay,SCE,7,
511,PGE_bay,SCE,8,
512,PGE_bay,SCE,9,
513,PGE_bay,SCE,10,
514,PGE_bay,SCE,11,
515,PGE_bay,SCE,12,
516,PGE_bay,SCE,13,
517,PGE_bay,SCE,14,
518,PGE_bay,SCE,15,
519,PGE_bay,SCE,16,
520,PGE_bay,SCE,17,
521,PGE_bay,SCE,18,
522,PGE_bay,SCE,19,
523,PGE_bay,SCE,20,
524,PGE_bay,SCE,21,
525,PGE_bay,SCE,22,
526,PGE_bay,SCE,23,
527,PGE_bay,SCE,24,
528,PGE_bay,PNW,1,
529,PGE_bay,PNW,2,
530,PGE_bay,PNW,3,
531,PGE_bay,PNW,4,
532,PGE_bay,PNW,5,
533,PGE_bay,PNW,6,
534,PGE_bay,PNW,7,
535,PGE_bay,PNW,8,
536,PGE_bay,PNW,9,
537,PGE_bay,PNW,10,
538,PGE_bay,PNW,11,
539,PGE_bay,PNW,12,
540,PGE_bay,PNW,13,
541,PGE_bay,PNW,14,
542,PGE_bay,PNW,15,
543,PGE_bay,PNW,16,
544,PGE_bay,PNW,17,
545,PGE_bay,PNW,18,
546,PGE_bay,PNW,19,
547,PGE_bay,PNW,20,
548,PGE_bay,PNW,21,
549,PGE_bay,PNW,22,
550,PGE_bay,PNW,23,
551,PGE_bay,PNW,24,
552,PGE_bay,SDGE,1,
553,PGE_bay,SDGE,2,
554,PGE_bay,SDGE,3,
555,PGE_bay,SDGE,4,
556,PGE_bay,SDGE,5,
557,PGE_bay,SDGE,6,
558,PGE_bay,SDGE,7,
559,PGE_bay,SDGE,8,
560,PGE_bay,SDGE,9,
561,PGE_bay,SDGE,10,
562,PGE_bay,SDGE,11,
563,PGE_bay,SDGE,12,
564,PGE_bay,SDGE,13,
565,PGE_bay,SDGE,14,
566,PGE_bay,SDGE,15,
567,PGE_bay,SDGE,16,
568,PGE_bay,SDGE,17,
569,PGE_bay,SDGE,18,
570,PGE_bay,SDGE,19,
571,PGE_bay,SDGE,20,
572,PGE_bay,SDGE,21,
573,PGE_bay,SDGE,22,
574,PGE_bay,SDGE,23,
575,PGE_bay,SDGE,24,
576,PGE_bay,PGE_bay,1,
577,PGE_bay,PGE_bay,2,
578,PGE_bay,PGE_bay,3,
579,PGE_bay,PGE_bay,4,
580,PGE_bay,PGE_bay,5,
581,PGE_bay,PGE_bay,6,
582,PGE_bay,PGE_bay,7,
583,PGE_bay,PGE_bay,8,
584,PGE_bay,PGE_bay,9,
585,PGE_bay,PGE_bay,10,
586,PGE_bay,PGE_bay,11,
587,PGE_bay,PGE_bay,12,
588,PGE_bay,PGE_bay,13,
589,PGE_bay,PGE_bay,14,
590,PGE_bay,PGE_bay,15,
591,PGE_bay,PGE_bay,16,
592,PGE_bay,PGE_bay,17,
593,PGE_bay,PGE_bay,18,
594,PGE_bay,PGE_bay,19,
595,PGE_bay,PGE_bay,20,
596,PGE_bay,PGE_bay,21,
597,PGE_bay,PGE_bay,22,
598,PGE_bay,PGE_bay,23,
599,PGE_bay,PGE_bay,24,
600,PGE_valley,PGE_valley,25,
601,PGE_valley,PGE_valley,26,
602,PGE_valley,PGE_valley,27,
603,PGE_valley,PGE_valley,28,
604,PGE_valley,PGE_valley,29,
605,PGE_valley,PGE_valley,30,
606,PGE_valley,PGE_valley,31,
607,PGE_valley,PGE_valley,32,
608,PGE_valley,PGE_valley,33,
609,PGE_valley,PGE_valley,34,
610,PGE_valley,PGE_valley,35,
611,PGE_valley,PGE_valley,36,
612,PGE_valley,PGE_valley,37,
613,PGE_valley,PGE_valley,38,
614,PGE_valley,PGE_valley,39,
615,PGE_valley,PGE_valley,40,
616,PGE_valley,PGE_valley,41,
617,PGE_valley,PGE_valley,42,
618,PGE_valley,PGE_valley,43,
619,PGE_valley,PGE_valley,44,
620,PGE_valley,PGE_valley,45,
621,PGE_valley,PGE_valley,46,
622,PGE_valley,PGE_valley,47,
623,PGE_valley,PGE_valley,48,
624,PGE_valley,SCE,25,
625,PGE_valley,SCE,26,
626,PGE_valley,SCE,27,
627,PGE_valley,SCE,28,
628,PGE_valley,SCE,29,
629,PGE_valley,SCE,30,
630,PGE_valley,SCE,31,
631,PGE_valley,SCE,32,
632,PGE_valley,SCE,33,
633,PGE_valley,SCE,34,
634,PGE_valley,SCE,35,
635,PGE_valley,SCE,36,
636,PGE_valley,SCE,37,
637,PGE_valley,SCE,38,
638,PGE_valley,SCE,39,
639,PGE_valley,SCE,40,
640,PGE_valley,SCE,41,
641,PGE_valley,SCE,42,
642,PGE_valley,SCE,43,
643,PGE_valley,SCE,44,
644,PGE_valley,SCE,45,
645,PGE_valley,SCE,46,
646,PGE_valley,SCE,47,
647,PGE_valley,SCE,48,
648,PGE_valley,PNW,25,
649,PGE_valley,PNW,26,
650,PGE_valley,PNW,27,
651,PGE_valley,PNW,28,
652,PGE_valley,PNW,29,
653,PGE_valley,PNW,30,
654,PGE_valley,PNW,31,
655,PGE_valley,PNW,32,
656,PGE_valley,PNW,33,
657,PGE_valley,PNW,34,
658,PGE_valley,PNW,35,
659,PGE_valley,PNW,36,
660,PGE_valley,PNW,37,
661,PGE_valley,PNW,38,
662,PGE_valley,PNW,39,
663,PGE_valley,PNW,40,
664,PGE_valley,PNW,41,
665,PGE_valley,PNW,42,
666,PGE_valley,PNW,43,
667,PGE_valley,PNW,44,
668,PGE_valley,PNW,45,
669,PGE_valley,PNW,46,
670,PGE_valley,PNW,47,
671,PGE_valley,PNW,48,
672,PGE_valley,SDGE,25,
673,PGE_valley,SDGE,26,
674,PGE_valley,SDGE,27,
675,PGE_valley,SDGE,28,
676,PGE_valley,SDGE,29,
677,PGE_valley,SDGE,30,
678,PGE_valley,SDGE,31,
679,PGE_valley,SDGE,32,
680,PGE_valley,SDGE,33,
681,PGE_valley,SDGE,34,
682,PGE_valley,SDGE,35,
683,PGE_valley,SDGE,36,
684,PGE_valley,SDGE,37,
685,PGE_valley,SDGE,38,
686,PGE_valley,SDGE,39,
687,PGE_valley,SDGE,40,
688,PGE_valley,SDGE,41,
689,PGE_valley,SDGE,42,
690,PGE_valley,SDGE,43,
691,PGE_valley,SDGE,44,
692,PGE_valley,SDGE,45,
693,PGE_valley,SDGE,46,
694,PGE_valley,SDGE,47,
695,PGE_valley,SDGE,48,
696,PGE_valley,PGE_bay,25,
697,PGE_valley,PGE_bay,26,
698,PGE_valley,PGE_bay,27,
699,PGE_valley,PGE_bay,28,
700,PGE_valley,PGE_bay,29,
701,PGE_valley,PGE_bay,30,
702,PGE_valley,PGE_bay,31,
703,PGE_valley,PGE_bay,32,
704,PGE_valley,PGE_bay,33,
705,PGE_valley,PGE_bay,34,
706,PGE_valley,PGE_bay,35,
707,PGE_valley,PGE_bay,36,
708,PGE_valley,PGE_bay,37,
709,PGE_valley,PGE_bay,38,
710,PGE_valley,PGE_bay,39,
711,PGE_valley,PGE_bay,40,
712,PGE_valley,PGE_bay,41,
713,PGE_valley,PGE_bay,42,
714,PGE_valley,PGE_bay,43,
715,PGE_valley,PGE_bay,44,
716,PGE_valley,PGE_bay,45,
717,PGE_valley,PGE_bay,46,
718,PGE_valley,PGE_bay,47,
719,PGE_valley,PGE_bay,48,
720,SCE,PGE_valley,25,
721,SCE,PGE_valley,26,
722,SCE,PGE_valley,27,
723,SCE,PGE_valley,28,
724,SCE,PGE_valley,29,
725,SCE,PGE_valley,30,
726,SCE,PGE_valley,31,
727,SCE,PGE_valley,32,
728,SCE,PGE_valley,33,
729,SCE,PGE_valley,34,
730,SCE,PGE_valley,35,
731,SCE,PGE_valley,36,
732,SCE,PGE_valley,37,
733,SCE,PGE_valley,38,
734,SCE,PGE_valley,39,
735,SCE,PGE_valley,40,
736,SCE,PGE_valley,41,
737,SCE,PGE_valley,42,
738,SCE,PGE_valley,43,
739,SCE,PGE_valley,44,
740,SCE,PGE_valley,45,
741,SCE,PGE_valley,46,
742,SCE,PGE_valley,47,
743,SCE,PGE_valley,48,
744,SCE,SCE,25,
745,SCE,SCE,26,
746,SCE,SCE,27,
747,SCE,SCE,28,
748,SCE,SCE,29,
749,SCE,SCE,30,
750,SCE,SCE,31,
751,SCE,SCE,32,
752,SCE,SCE,33,
753,SCE,SCE,34,
754,SCE,SCE,35,
755,SCE,SCE,36,
756,SCE,SCE,37,
757,SCE,SCE,38,
758,SCE,SCE,39,
759,SCE,SCE,40,
760,SCE,SCE,41,
761,SCE,SCE,42,
762,SCE,SCE,43,
763,SCE,SCE,44,
764,SCE,SCE,45,
765,SCE,SCE,46,
766,SCE,SCE,47,
767,SCE,SCE,48,
768,SCE,PNW,25,
769,SCE,PNW,26,
770,SCE,PNW,27,
771,SCE,PNW,28,
772,SCE,PNW,29,
773,SCE,PNW,30,
774,SCE,PNW,31,
775,SCE,PNW,32,
776,SCE,PNW,33,
777,SCE,PNW,34,
778,SCE,PNW,35,
779,SCE,PNW,36,
780,SCE,PNW,37,
781,SCE,PNW,38,
782,SCE,PNW,39,
783,SCE,PNW,40,
784,SCE,PNW,41,
785,SCE,PNW,42,
786,SCE,PNW,43,
787,SCE,PNW,44,
788,SCE,PNW,45,
789,SCE,PNW,46,
790,SCE,PNW,47,
791,SCE,PNW,48,
792,SCE,SDGE,25,
793,SCE,SDGE,26,
794,SCE,SDGE,27,
795,SCE,SDGE,28,
796,SCE,SDGE,29,
797,SCE,SDGE,30,
798,SCE,SDGE,31,
799,SCE,SDGE,32,
800,SCE,SDGE,33,
801,SCE,SDGE,34,
802,SCE,SDGE,35,
803,SCE,SDGE,36,
804,SCE,SDGE,37,
805,SCE,SDGE,38,
806,SCE,SDGE,39,
807,SCE,SDGE,40,
808,SCE,SDGE,41,
809,SCE,SDGE,42,
810,SCE,SDGE,43,
811,SCE,SDGE,44,
812,SCE,SDGE,45,
813,SCE,SDGE,46,
814,SCE,SDGE,47,
815,SCE,SDGE,48,
816,SCE,PGE_bay,25,
817,SCE,PGE_bay,26,
818,SCE,PGE_bay,27,
819,SCE,PGE_bay,28,
820,SCE,PGE_bay,29,
821,SCE,PGE_bay,30,
822,SCE,PGE_bay,31,
823,SCE,PGE_bay,32,
824,SCE,PGE_bay,33,
825,SCE,PGE_bay,34,
826,SCE,PGE_bay,35,
827,SCE,PGE_bay,36,
828,SCE,PGE_bay,37,
829,SCE,PGE_bay,38,
830,SCE,PGE_bay,39,
831,SCE,PGE_bay,40,
832,SCE,PGE_bay,41,
833,SCE,PGE_bay,42,
834,SCE,PGE_bay,43,
835,SCE,PGE_bay,44,
836,SCE,PGE_bay,45,
837,SCE,PGE_bay,46,
838,SCE,PGE_bay,47,
839,SCE,PGE_bay,48,
840,PNW,PGE_valley,25,
841,PNW,PGE_valley,26,
842,PNW,PGE_valley,27,
843,PNW,PGE_valley,28,
844,PNW,PGE_valley,29,
845,PNW,PGE_valley,30,
846,PNW,PGE_valley,31,
847,PNW,PGE_valley,32,
848,PNW,PGE_valley,33,
849,PNW,PGE_valley,34,
850,PNW,PGE_valley,35,
851,PNW,PGE_valley,36,
852,PNW,PGE_valley,37,
853,PNW,PGE_valley,38,
854,PNW,PGE_valley,39,
855,PNW,PGE_valley,40,
856,PNW,PGE_valley,41,
857,PNW,PGE_valley,42,
858,PNW,PGE_valley,43,
859,PNW,PGE_valley,44,
860,PNW,PGE_valley,45,
861,PNW,PGE_valley,46,
862,PNW,PGE_valley,47,
863,PNW,PGE_valley,48,
864,PNW,SCE,25,
865,PNW,SCE,26,
866,PNW,SCE,27,
867,PNW,SCE,28,
868,PNW,SCE,29,
869,PNW,SCE,30,
870,PNW,SCE,31,
871,PNW,SCE,32,
872,PNW,SCE,33,
873,PNW,SCE,34,
874,PNW,SCE,35,
875,PNW,SCE,36,
876,PNW,SCE,37,
877,PNW,SCE,38,
878,PNW,SCE,39,
879,PNW,SCE,40,
880,PNW,SCE,41,
881,PNW,SCE,42,
882,PNW,SCE,43,
883,PNW,SCE,44,
884,PNW,SCE,45,
885,PNW,SCE,46,
886,PNW,SCE,47,
887,PNW,SCE,48,
888,PNW,PNW,25,
889,PNW,PNW,26,
890,PNW,PNW,27,
891,PNW,PNW,28,
892,PNW,PNW,29,
893,PNW,PNW,30,
894,PNW,PNW,31,
895,PNW,PNW,32,
896,PNW,PNW,33,
897,PNW,PNW,34,
898,PNW,PNW,35,
899,PNW,PNW,36,
900,PNW,PNW,37,
901,PNW,PNW,38,
902,PNW,PNW,39,
903,PNW,PNW,40,
904,PNW,PNW,41,
905,PNW,PNW,42,
906,PNW,PNW,43,
907,PNW,PNW,44,
908,PNW,PNW,45,
909,PNW,PNW,46,
910,PNW,PNW,47,
911,PNW,PNW,48,
912,PNW,SDGE,25,
913,PNW,SDGE,26,
914,PNW,SDGE,27,
915,PNW,SDGE,28,
916,PNW,SDGE,29,
917,PNW,SDGE,30,
918,PNW,SDGE,31,
919,PNW,SDGE,32,
920,PNW,SDGE,33,
921,PNW,SDGE,34,
922,PNW,SDGE,35,
923,PNW,SDGE,36,
924,PNW,SDGE,37,
925,PNW,SDGE,38,
926,PNW,SDGE,39,
927,PNW,SDGE,40,
928,PNW,SDGE,41,
929,PNW,SDGE,42,
930,PNW,SDGE,43,
931,PNW,SDGE,44,
932,PNW,SDGE,45,
933,PNW,SDGE,46,
934,PNW,SDGE,47,
935,PNW,SDGE,48,
936,PNW,PGE_bay,25,
937,PNW,PGE_bay,26,
938,PNW,PGE_bay,27,
939,PNW,PGE_bay,28,
940,PNW,PGE_bay,29,
941,PNW,PGE_bay,30,
942,PNW,PGE_bay,31,
943,PNW,PGE_bay,32,
944,PNW,PGE_bay,33,
945,PNW,PGE_bay,34,
946,PNW,PGE_bay,35,
947,PNW,PGE_bay,36,
948,PNW,PGE_bay,37,
949,PNW,PGE_bay,38,
950,PNW,PGE_bay,39,
951,PNW,PGE_bay,40,
952,PNW,PGE_bay,41,
953,PNW,PGE_bay,42,
954,PNW,PGE_bay,43,
955,PNW,PGE_bay,44,
956,PNW,PGE_bay,45,
957,PNW,PGE_bay,46,
958,PNW,PGE_bay,47,
959,PNW,PGE_bay,48,
960,SDGE,PGE_valley,25,
961,SDGE,PGE_valley,26,
962,SDGE,PGE_valley,27,
963,SDGE,PGE_valley,28,
964,SDGE,PGE_valley,29,
965,SDGE,PGE_valley,30,
966,SDGE,PGE_valley,31,
967,SDGE,PGE_valley,32,
968,SDGE,PGE_valley,33,
969,SDGE,PGE_valley,34,
970,SDGE,PGE_valley,35,
971,SDGE,PGE_valley,36,
972,SDGE,PGE_valley,37,
973,SDGE,PGE_valley,38,
974,SDGE,PGE_valley,39,
975,SDGE,PGE_valley,40,
976,SDGE,PGE_valley,41,
977,SDGE,PGE_valley,42,
978,SDGE,PGE_valley,43,
979,SDGE,PGE_valley,44,
980,SDGE,PGE_valley,45,
981,SDGE,PGE_valley,46,
982,SDGE,PGE_valley,47,
983,SDGE,PGE_valley,48,
984,SDGE,SCE,25,
985,SDGE,SCE,26,
986,SDGE,SCE,27,
987,SDGE,SCE,28,
988,SDGE,SCE,29,
989,SDGE,SCE,30,
990,SDGE,SCE,31,
991,SDGE,SCE,32,
992,SDGE,SCE,33,
993,SDGE,SCE,34,
994,SDGE,SCE,35,
995,SDGE,SCE,36,
996,SDGE,SCE,37,
997,SDGE,SCE,38,
998,SDGE,SCE,39,
999,SDGE,SCE,40,
1000,SDGE,SCE,41,
1001,SDGE,SCE,42,
1002,SDGE,SCE,43,
1003,SDGE,SCE,44,
1004,SDGE,SCE,45,
1005,SDGE,SCE,46,
1006,SDGE,SCE,47,
1007,SDGE,SCE,48,
1008,SDGE,PNW,25,
1009,SDGE,PNW,26,
1010,SDGE,PNW,27,
1011,SDGE,PNW,28,
1012,SDGE,PNW,29,
1013,SDGE,PNW,30,
1014,SDGE,PNW,31,
1015,SDGE,PNW,32,
1016,SDGE,PNW,33,
1017,SDGE,PNW,34,
1018,SDGE,PNW,35,
1019,SDGE,PNW,36,
1020,SDGE,PNW,37,
1021,SDGE,PNW,38,
1022,SDGE,PNW,39,
1023,SDGE,PNW,40,
1024,SDGE,PNW,41,
1025,SDGE,PNW,42,
1026,SDGE,PNW,43,
1027,SDGE,PNW,44,
1028,SDGE,PNW,45,
1029,SDGE,PNW,46,
1030,SDGE,PNW,47,
1031,SDGE,PNW,48,
1032,SDGE,SDGE,25,
1033,SDGE,SDGE,26,
1034,SDGE,SDGE,27,
1035,SDGE,SDGE,28,
1036,SDGE,SDGE,29,
1037,SDGE,SDGE,30,
1038,SDGE,SDGE,31,
1039,SDGE,SDGE,32,
1040,SDGE,SDGE,33,
1041,SDGE,SDGE,34,
1042,SDGE,SDGE,35,
1043,SDGE,SDGE,36,
1044,SDGE,SDGE,37,
1045,SDGE,SDGE,38,
1046,SDGE,SDGE,39,
1047,SDGE,SDGE,40,
1048,SDGE,SDGE,41,
1049,SDGE,SDGE,42,
1050,SDGE,SDGE,43,
1051,SDGE,SDGE,44,
1052,SDGE,SDGE,45,
1053,SDGE,SDGE,46,
1054,SDGE,SDGE,47,
1055,SDGE,SDGE,48,
1056,SDGE,PGE_bay,25,
1057,SDGE,PGE_bay,26,
1058,SDGE,PGE_bay,27,
1059,SDGE,PGE_bay,28,
1060,SDGE,PGE_bay,29,
1061,SDGE,PGE_bay,30,
1062,SDGE,PGE_bay,31,
1063,SDGE,PGE_bay,32,
1064,SDGE,PGE_bay,33,
1065,SDGE,PGE_bay,34,
1066,SDGE,PGE_bay,35,
1067,SDGE,PGE_bay,36,
1068,SDGE,PGE_bay,37,
1069,SDGE,PGE_bay,38,
1070,SDGE,PGE_bay,39,
1071,SDGE,PGE_bay,40,
1072,SDGE,PGE_bay,41,
1073,SDGE,PGE_bay,42,
1074,SDGE,PGE_bay,43,
1075,SDGE,PGE_bay,44,
1076,SDGE,PGE_bay,45,
1077,SDGE,PGE_bay,46,
1078,SDGE,PGE_bay,47,
1079,SDGE,PGE_bay,48,
1080,PGE_bay,PGE_valley,25,
1081,PGE_bay,PGE_valley,26,
1082,PGE_bay,PGE_valley,27,
1083,PGE_bay,PGE_valley,28,
1084,PGE_bay,PGE_valley,29,
1085,PGE_bay,PGE_valley,30,
1086,PGE_bay,PGE_valley,31,
1087,PGE_bay,PGE_valley,32,
1088,PGE_bay,PGE_valley,33,
1089,PGE_bay,PGE_valley,34,
1090,PGE_bay,PGE_valley,35,
1091,PGE_bay,PGE_valley,36,
1092,PGE_bay,PGE_valley,37,
1093,PGE_bay,PGE_valley,38,
1094,PGE_bay,PGE_valley,39,
1095,PGE_bay,PGE_valley,40,
1096,PGE_bay,PGE_valley,41,
1097,PGE_bay,PGE_valley,42,
1098,PGE_bay,PGE_valley,43,
1099,PGE_bay,PGE_valley,44,
1100,PGE_bay,PGE_valley,45,
1101,PGE_bay,PGE_valley,46,
1102,PGE_bay,PGE_valley,47,
1103,PGE_bay,PGE_valley,48,
1104,PGE_bay,SCE,25,
1105,PGE_bay,SCE,26,
1106,PGE_bay,SCE,27,
1107,PGE_bay,SCE,28,
1108,PGE_bay,SCE,29,
1109,PGE_bay,SCE,30,
1110,PGE_bay,SCE,31,
1111,PGE_bay,SCE,32,
1112,PGE_bay,SCE,33,
1113,PGE_bay,SCE,34,
1114,PGE_bay,SCE,35,
1115,PGE_bay,SCE,36,
1116,PGE_bay,SCE,37,
1117,PGE_bay,SCE,38,
1118,PGE_bay,SCE,39,
1119,PGE_bay,SCE,40,
1120,PGE_bay,SCE,41,
1121,PGE_bay,SCE,42,
1122,PGE_bay,SCE,43,
1123,PGE_bay,SCE,44,
1124,PGE_bay,SCE,45,
1125,PGE_bay,SCE,46,
1126,PGE_bay,SCE,47,
1127,PGE_bay,SCE,48,
1128,PGE_bay,PNW,25,
1129,PGE_bay,PNW,26,
1130,PGE_bay,PNW,27,
1131,PGE_bay,PNW,28,
1132,PGE_bay,PNW,29,
1133,PGE_bay,PNW,30,
1134,PGE_bay,PNW,31,
1135,PGE_bay,PNW,32,
1136,PGE_bay,PNW,33,
1137,PGE_bay,PNW,34,
1138,PGE_bay,PNW,35,
1139,PGE_bay,PNW,36,
1140,PGE_bay,PNW,37,
1141,PGE_bay,PNW,38,
1142,PGE_bay,PNW,39,
1143,PGE_bay,PNW,40,
1144,PGE_bay,PNW,41,
1145,PGE_bay,PNW,42,
1146,PGE_bay,PNW,43,
1147,PGE_bay,PNW,44,
1148,PGE_bay,PNW,45,
1149,PGE_bay,PNW,46,
1150,PGE_bay,PNW,47,
1151,PGE_bay,PNW,48,
1152,PGE_bay,SDGE,25,
1153,PGE_bay,SDGE,26,
1154,PGE_bay,SDGE,27,
1155,PGE_bay,SDGE,28,
1156,PGE_bay,SDGE,29,
1157,PGE_bay,SDGE,30,
1158,PGE_bay,SDGE,31,
1159,PGE_bay,SDGE,32,
1160,PGE_bay,SDGE,33,
1161,PGE_bay,SDGE,34,
1162,PGE_bay,SDGE,35,
1163,PGE_bay,SDGE,36,
1164,PGE_bay,SDGE,37,
1165,PGE_bay,SDGE,38,
1166,PGE_bay,SDGE,39,
1167,PGE_bay,SDGE,40,
1168,PGE_bay,SDGE,41,
1169,PGE_bay,SDGE,42,
1170,PGE_bay,SDGE,43,
1171,PGE_bay,SDGE,44,
1172,PGE_bay,SDGE,45,
1173,PGE_bay,SDGE,46,
1174,PGE_bay,SDGE,47,
1175,PGE_bay,SDGE,48,
1176,PGE_bay,PGE_bay,25,
1177,PGE_bay,PGE_bay,26,
1178,PGE_bay,PGE_bay,27,
1179,PGE_bay,PGE_bay,28,
1180,PGE_bay,PGE_bay,29,
1181,PGE_bay,PGE_bay,30,
1182,PGE_bay,PGE_bay,31,
1183,PGE_bay,PGE_bay,32,
1184,PGE_bay,PGE_bay,33,
1185,PGE_bay,PGE_bay,34,
1186,PGE_bay,PGE_bay,35,
1187,PGE_bay,PGE_bay,36,
1188,PGE_bay,PGE_bay,37,
1189,PGE_bay,PGE_bay,38,
1190,PGE_bay,PGE_bay,39,
1191,PGE_bay,PGE_bay,40,
1192,PGE_bay,PGE_bay,41,
1193,PGE_bay,PGE_bay,42,
1194,PGE_bay,PGE_bay,43,
1195,PGE_bay,PGE_bay,44,
1196,PGE_bay,PGE_bay,45,
1197,PGE_bay,PGE_bay,46,
1198,PGE_bay,PGE_bay,47,
1199,PGE_bay,PGE_bay,48,
1200,PGE_valley,PGE_valley,49,
1201,PGE_valley,PGE_valley,50,
1202,PGE_valley,PGE_valley,51,
1203,PGE_valley,PGE_valley,52,
1204,PGE_valley,PGE_valley,53,
1205,PGE_valley,PGE_valley,54,
1206,PGE_valley,PGE_valley,55,
1207,PGE_valley,PGE_valley,56,
1208,PGE_valley,PGE_valley,57,
1209,PGE_valley,PGE_valley,58,
1210,PGE_valley,PGE_valley,59,
1211,PGE_valley,PGE_valley,60,
1212,PGE_valley,PGE_valley,61,
1213,PGE_valley,PGE_valley,62,
1214,PGE_valley,PGE_valley,63,
1215,PGE_valley,PGE_valley,64,
1216,PGE_valley,PGE_valley,65,
1217,PGE_valley,PGE_valley,66,
1218,PGE_valley,PGE_valley,67,
1219,PGE_valley,PGE_valley,68,
1220,PGE_valley,PGE_valley,69,
1221,PGE_valley,PGE_valley,70,
1222,PGE_valley,PGE_valley,71,
1223,PGE_valley,PGE_valley,72,
1224,PGE_valley,SCE,49,
1225,PGE_valley,SCE,50,
1226,PGE_valley,SCE,51,
1227,PGE_valley,SCE,52,
1228,PGE_valley,SCE,53,
1229,PGE_valley,SCE,54,
1230,PGE_valley,SCE,55,
1231,PGE_valley,SCE,56,
1232,PGE_valley,SCE,57,
1233,PGE_valley,SCE,58,
1234,PGE_valley,SCE,59,
1235,PGE_valley,SCE,60,
1236,PGE_valley,SCE,61,
1237,PGE_valley,SCE,62,
1238,PGE_valley,SCE,63,
1239,PGE_valley,SCE,64,
1240,PGE_valley,SCE,65,
1241,PGE_valley,SCE,66,
1242,PGE_valley,SCE,67,
1243,PGE_valley,SCE,68,
1244,PGE_valley,SCE,69,
1245,PGE_valley,SCE,70,
1246,PGE_valley,SCE,71,
1247,PGE_valley,SCE,72,
1248,PGE_valley,PNW,49,
1249,PGE_valley,PNW,50,
1250,PGE_valley,PNW,51,
1251,PGE_valley,PNW,52,
1252,PGE_valley,PNW,53,
1253,PGE_valley,PNW,54,
1254,PGE_valley,PNW,55,
1255,PGE_valley,PNW,56,
1256,PGE_valley,PNW,57,
1257,PGE_valley,PNW,58,
1258,PGE_valley,PNW,59,
1259,PGE_valley,PNW,60,
1260,PGE_valley,PNW,61,
1261,PGE_valley,PNW,62,
1262,PGE_valley,PNW,63,
1263,PGE_valley,PNW,64,
1264,PGE_valley,PNW,65,
1265,PGE_valley,PNW,66,
1266,PGE_valley,PNW,67,
1267,PGE_valley,PNW,68,
1268,PGE_valley,PNW,69,
1269,PGE_valley,PNW,70,
1270,PGE_valley,PNW,71,
1271,PGE_valley,PNW,72,
1272,PGE_valley,SDGE,49,
1273,PGE_valley,SDGE,50,
1274,PGE_valley,SDGE,51,
1275,PGE_valley,SDGE,52,
1276,PGE_valley,SDGE,53,
1277,PGE_valley,SDGE,54,
1278,PGE_valley,SDGE,55,
1279,PGE_valley,SDGE,56,
1280,PGE_valley,SDGE,57,
1281,PGE_valley,SDGE,58,
1282,PGE_valley,SDGE,59,
1283,PGE_valley,SDGE,60,
1284,PGE_valley,SDGE,61,
1285,PGE_valley,SDGE,62,
1286,PGE_valley,SDGE,63,
1287,PGE_valley,SDGE,64,
1288,PGE_valley,SDGE,65,
1289,PGE_valley,SDGE,66,
1290,PGE_valley,SDGE,67,
1291,PGE_valley,SDGE,68,
1292,PGE_valley,SDGE,69,
1293,PGE_valley,SDGE,70,
1294,PGE_valley,SDGE,71,
1295,PGE_valley,SDGE,72,
1296,PGE_valley,PGE_bay,49,
1297,PGE_valley,PGE_bay,50,
1298,PGE_valley,PGE_bay,51,
1299,PGE_valley,PGE_bay,52,
1300,PGE_valley,PGE_bay,53,
1301,PGE_valley,PGE_bay,54,
1302,PGE_valley,PGE_bay,55,
1303,PGE_valley,PGE_bay,56,
1304,PGE_valley,PGE_bay,57,
1305,PGE_valley,PGE_bay,58,
1306,PGE_valley,PGE_bay,59,
1307,PGE_valley,PGE_bay,60,
1308,PGE_valley,PGE_bay,61,
1309,PGE_valley,PGE_bay,62,
1310,PGE_valley,PGE_bay,63,
1311,PGE_valley,PGE_bay,64,
1312,PGE_valley,PGE_bay,65,
1313,PGE_valley,PGE_bay,66,
1314,PGE_valley,PGE_bay,67,
1315,PGE_valley,PGE_bay,68,
1316,PGE_valley,PGE_bay,69,
1317,PGE_valley,PGE_bay,70,
1318,PGE_valley,PGE_bay,71,
1319,PGE_valley,PGE_bay,72,
1320,SCE,PGE_valley,49,
1321,SCE,PGE_valley,50,
1322,SCE,PGE_valley,51,
1323,SCE,PGE_valley,52,
1324,SCE,PGE_valley,53,
1325,SCE,PGE_valley,54,
1326,SCE,PGE_valley,55,
1327,SCE,PGE_valley,56,
1328,SCE,PGE_valley,57,
1329,SCE,PGE_valley,58,
1330,SCE,PGE_valley,59,
1331,SCE,PGE_valley,60,
1332,SCE,PGE_valley,61,
1333,SCE,PGE_valley,62,
1334,SCE,PGE_valley,63,
1335,SCE,PGE_valley,64,
1336,SCE,PGE_valley,65,
1337,SCE,PGE_valley,66,
1338,SCE,PGE_valley,67,
1339,SCE,PGE_valley,68,
1340,SCE,PGE_valley,69,
1341,SCE,PGE_valley,70,
1342,SCE,PGE_valley,71,
1343,SCE,PGE_valley,72,
1344,SCE,SCE,49,
1345,SCE,SCE,50,
1346,SCE,SCE,51,
1347,SCE,SCE,52,
1348,SCE,SCE,53,
1349,SCE,SCE,54,
1350,SCE,SCE,55,
1351,SCE,SCE,56,
1352,SCE,SCE,57,
1353,SCE,SCE,58,
1354,SCE,SCE,59,
1355,SCE,SCE,60,
1356,SCE,SCE,61,
1357,SCE,SCE,62,
1358,SCE,SCE,63,
1359,SCE,SCE,64,
1360,SCE,SCE,65,
1361,SCE,SCE,66,
1362,SCE,SCE,67,
1363,SCE,SCE,68,
1364,SCE,SCE,69,
1365,SCE,SCE,70,
1366,SCE,SCE,71,
1367,SCE,SCE,72,
1368,SCE,PNW,49,
1369,SCE,PNW,50,
1370,SCE,PNW,51,
1371,SCE,PNW,52,
1372,SCE,PNW,53,
1373,SCE,PNW,54,
1374,SCE,PNW,55,
1375,SCE,PNW,56,
1376,SCE,PNW,57,
1377,SCE,PNW,58,
1378,SCE,PNW,59,
1379,SCE,PNW,60,
1380,SCE,PNW,61,
1381,SCE,PNW,62,
1382,SCE,PNW,63,
1383,SCE,PNW,64,
1384,SCE,PNW,65,
1385,SCE,PNW,66,
1386,SCE,PNW,67,
1387,SCE,PNW,68,
1388,SCE,PNW,69,
1389,SCE,PNW,70,
1390,SCE,PNW,71,
1391,SCE,PNW,72,
1392,SCE,SDGE,49,
1393,SCE,SDGE,50,
1394,SCE,SDGE,51,
1395,SCE,SDGE,52,
1396,SCE,SDGE,53,
1397,SCE,SDGE,54,
1398,SCE,SDGE,55,
1399,SCE,SDGE,56,
1400,SCE,SDGE,57,
1401,SCE,SDGE,58,
1402,SCE,SDGE,59,
1403,SCE,SDGE,60,
1404,SCE,SDGE,61,
1405,SCE,SDGE,62,
1406,SCE,SDGE,63,
1407,SCE,SDGE,64,
1408,SCE,SDGE,65,
1409,SCE,SDGE,66,
1410,SCE,SDGE,67,
1411,SCE,SDGE,68,
1412,SCE,SDGE,69,
1413,SCE,SDGE,70,
1414,SCE,SDGE,71,
1415,SCE,SDGE,72,
1416,SCE,PGE_bay,49,
1417,SCE,PGE_bay,50,
1418,SCE,PGE_bay,51,
1419,SCE,PGE_bay,52,
1420,SCE,PGE_bay,53,
1421,SCE,PGE_bay,54,
1422,SCE,PGE_bay,55,
1423,SCE,PGE_bay,56,
1424,SCE,PGE_bay,57,
1425,SCE,PGE_bay,58,
1426,SCE,PGE_bay,59,
1427,SCE,PGE_bay,60,
1428,SCE,PGE_bay,61,
1429,SCE,PGE_bay,62,
1430,SCE,PGE_bay,63,
1431,SCE,PGE_bay,64,
1432,SCE,PGE_bay,65,
1433,SCE,PGE_bay,66,
1434,SCE,PGE_bay,67,
1435,SCE,PGE_bay,68,
1436,SCE,PGE_bay,69,
1437,SCE,PGE_bay,70,
1438,SCE,PGE_bay,71,
1439,SCE,PGE_bay,72,
1440,PNW,PGE_valley,49,
1441,PNW,PGE_valley,50,
1442,PNW,PGE_valley,51,
1443,PNW,PGE_valley,52,
1444,PNW,PGE_valley,53,
1445,PNW,PGE_valley,54,
1446,PNW,PGE_valley,55,
1447,PNW,PGE_valley,56,
1448,PNW,PGE_valley,57,
1449,PNW,PGE_valley,58,
1450,PNW,PGE_valley,59,
1451,PNW,PGE_valley,60,
1452,PNW,PGE_valley,61,
1453,PNW,PGE_valley,62,
1454,PNW,PGE_valley,63,
1455,PNW,PGE_valley,64,
1456,PNW,PGE_valley,65,
1457,PNW,PGE_valley,66,
1458,PNW,PGE_valley,67,
1459,PNW,PGE_valley,68,
1460,PNW,PGE_valley,69,
1461,PNW,PGE_valley,70,
1462,PNW,PGE_valley,71,
1463,PNW,PGE_valley,72,
1464,PNW,SCE,49,
1465,PNW,SCE,50,
1466,PNW,SCE,51,
1467,PNW,SCE,52,
1468,PNW,SCE,53,
1469,PNW,SCE,54,
1470,PNW,SCE,55,
1471,PNW,SCE,56,
1472,PNW,SCE,57,
1473,PNW,SCE,58,
1474,PNW,SCE,59,
1475,PNW,SCE,60,
1476,PNW,SCE,61,
1477,PNW,SCE,62,
1478,PNW,SCE,63,
1479,PNW,SCE,64,
1480,PNW,SCE,65,
1481,PNW,SCE,66,
1482,PNW,SCE,67,
1483,PNW,SCE,68,
1484,PNW,SCE,69,
1485,PNW,SCE,70,
1486,PNW,SCE,71,
1487,PNW,SCE,72,
1488,PNW,PNW,49,
1489,PNW,PNW,50,
1490,PNW,PNW,51,
1491,PNW,PNW,52,
1492,PNW,PNW,53,
1493,PNW,PNW,54,
1494,PNW,PNW,55,
1495,PNW,PNW,56,
1496,PNW,PNW,57,
1497,PNW,PNW,58,
1498,PNW,PNW,59,
1499,PNW,PNW,60,
1500,PNW,PNW,61,
1501,PNW,PNW,62,
1502,PNW,PNW,63,
1503,PNW,PNW,64,
1504,PNW,PNW,65,
1505,PNW,PNW,66,
1506,PNW,PNW,67,
1507,PNW,PNW,68,
1508,PNW,PNW,69,
1509,PNW,PNW,70,
1510,PNW,PNW,71,
1511,PNW,PNW,72,
1512,PNW,SDGE,49,
1513,PNW,SDGE,50,
1514,PNW,SDGE,51,
1515,PNW,SDGE,52,
1516,PNW,SDGE,53,
1517,PNW,SDGE,54,
1518,PNW,SDGE,55,
1519,PNW,SDGE,56,
1520,PNW,SDGE,57,
1521,PNW,SDGE,58,
1522,PNW,SDGE,59,
1523,PNW,SDGE,60,
1524,PNW,SDGE,61,
1525,PNW,SDGE,62,
1526,PNW,SDGE,63,
1527,PNW,SDGE,64,
1528,PNW,SDGE,65,
1529,PNW,SDGE,66,
1530,PNW,SDGE,67,
1531,PNW,SDGE,68,
1532,PNW,SDGE,69,
1533,PNW,SDGE,70,
1534,PNW,SDGE,71,
1535,PNW,SDGE,72,
1536,PNW,PGE_bay,49,
1537,PNW,PGE_bay,50,
1538,PNW,PGE_bay,51,
1539,PNW,PGE_bay,52,
1540,PNW,PGE_bay,53,
1541,PNW,PGE_bay,54,
1542,PNW,PGE_bay,55,
1543,PNW,PGE_bay,56,
1544,PNW,PGE_bay,57,
1545,PNW,PGE_bay,58,
1546,PNW,PGE_bay,59,
1547,PNW,PGE_bay,60,
1548,PNW,PGE_bay,61,
1549,PNW,PGE_bay,62,
1550,PNW,PGE_bay,63,
1551,PNW,PGE_bay,64,
1552,PNW,PGE_bay,65,
1553,PNW,PGE_bay,66,
1554,PNW,PGE_bay,67,
1555,PNW,PGE_bay,68,
1556,PNW,PGE_bay,69,
1557,PNW,PGE_bay,70,
1558,PNW,PGE_bay,71,
1559,PNW,PGE_bay,72,
1560,SDGE,PGE_valley,49,
1561,SDGE,PGE_valley,50,
1562,SDGE,PGE_valley,51,
1563,SDGE,PGE_valley,52,
1564,SDGE,PGE_valley,53,
1565,SDGE,PGE_valley,54,
1566,SDGE,PGE_valley,55,
1567,SDGE,PGE_valley,56,
1568,SDGE,PGE_valley,57,
1569,SDGE,PGE_valley,58,
1570,SDGE,PGE_valley,59,
1571,SDGE,PGE_valley,60,
1572,SDGE,PGE_valley,61,
1573,SDGE,PGE_valley,62,
1574,SDGE,PGE_valley,63,
1575,SDGE,PGE_valley,64,
1576,SDGE,PGE_valley,65,
1577,SDGE,PGE_valley,66,
1578,SDGE,PGE_valley,67,
1579,SDGE,PGE_valley,68,
1580,SDGE,PGE_valley,69,
1581,SDGE,PGE_valley,70,
1582,SDGE,PGE_valley,71,
1583,SDGE,PGE_valley,72,
1584,SDGE,SCE,49,
1585,SDGE,SCE,50,
1586,SDGE,SCE,51,
1587,SDGE,SCE,52,
1588,SDGE,SCE,53,
1589,SDGE,SCE,54,
1590,SDGE,SCE,55,
1591,SDGE,SCE,56,
1592,SDGE,SCE,57,
1593,SDGE,SCE,58,
1594,SDGE,SCE,59,
1595,SDGE,SCE,60,
1596,SDGE,SCE,61,
1597,SDGE,SCE,62,
1598,SDGE,SCE,63,
1599,SDGE,SCE,64,
1600,SDGE,SCE,65,
1601,SDGE,SCE,66,
1602,SDGE,SCE,67,
1603,SDGE,SCE,68,
1604,SDGE,SCE,69,
1605,SDGE,SCE,70,
1606,SDGE,SCE,71,
1607,SDGE,SCE,72,
1608,SDGE,PNW,49,
1609,SDGE,PNW,50,
1610,SDGE,PNW,51,
1611,SDGE,PNW,52,
1612,SDGE,PNW,53,
1613,SDGE,PNW,54,
1614,SDGE,PNW,55,
1615,SDGE,PNW,56,
1616,SDGE,PNW,57,
1617,SDGE,PNW,58,
1618,SDGE,PNW,59,
1619,SDGE,PNW,60,
1620,SDGE,PNW,61,
1621,SDGE,PNW,62,
1622,SDGE,PNW,63,
1623,SDGE,PNW,64,
1624,SDGE,PNW,65,
1625,SDGE,PNW,66,
1626,SDGE,PNW,67,
1627,SDGE,PNW,68,
1628,SDGE,PNW,69,
1629,SDGE,PNW,70,
1630,SDGE,PNW,71,
1631,SDGE,PNW,72,
1632,SDGE,SDGE,49,
1633,SDGE,SDGE,50,
1634,SDGE,SDGE,51,
1635,SDGE,SDGE,52,
1636,SDGE,SDGE,53,
1637,SDGE,SDGE,54,
1638,SDGE,SDGE,55,
1639,SDGE,SDGE,56,
1640,SDGE,SDGE,57,
1641,SDGE,SDGE,58,
1642,SDGE,SDGE,59,
1643,SDGE,SDGE,60,
1644,SDGE,SDGE,61,
1645,SDGE,SDGE,62,
1646,SDGE,SDGE,63,
1647,SDGE,SDGE,64,
1648,SDGE,SDGE,65,
1649,SDGE,SDGE,66,
1650,SDGE,SDGE,67,
1651,SDGE,SDGE,68,
1652,SDGE,SDGE,69,
1653,SDGE,SDGE,70,
1654,SDGE,SDGE,71,
1655,SDGE,SDGE,72,
1656,SDGE,PGE_bay,49,
1657,SDGE,PGE_bay,50,
1658,SDGE,PGE_bay,51,
1659,SDGE,PGE_bay,52,
1660,SDGE,PGE_bay,53,
1661,SDGE,PGE_bay,54,
1662,SDGE,PGE_bay,55,
1663,SDGE,PGE_bay,56,
1664,SDGE,PGE_bay,57,
1665,SDGE,PGE_bay,58,
1666,SDGE,PGE_bay,59,
1667,SDGE,PGE_bay,60,
1668,SDGE,PGE_bay,61,
1669,SDGE,PGE_bay,62,
1670,SDGE,PGE_bay,63,
1671,SDGE,PGE_bay,64,
1672,SDGE,PGE_bay,65,
1673,SDGE,PGE_bay,66,
1674,SDGE,PGE_bay,67,
1675,SDGE,PGE_bay,68,
1676,SDGE,PGE_bay,69,
1677,SDGE,PGE_bay,70,
1678,SDGE,PGE_bay,71,
1679,SDGE,PGE_bay,72,
1680,PGE_bay,PGE_valley,49,
1681,PGE_bay,PGE_valley,50,
1682,PGE_bay,PGE_valley,51,
1683,PGE_bay,PGE_valley,52,
1684,PGE_bay,PGE_valley,53,
1685,PGE_bay,PGE_valley,54,
1686,PGE_bay,PGE_valley,55,
1687,PGE_bay,PGE_valley,56,
1688,PGE_bay,PGE_valley,57,
1689,PGE_bay,PGE_valley,58,
1690,PGE_bay,PGE_valley,59,
1691,PGE_bay,PGE_valley,60,
1692,PGE_bay,PGE_valley,61,
1693,PGE_bay,PGE_valley,62,
1694,PGE_bay,PGE_valley,63,
1695,PGE_bay,PGE_valley,64,
1696,PGE_bay,PGE_valley,65,
1697,PGE_bay,PGE_valley,66,
1698,PGE_bay,PGE_valley,67,
1699,PGE_bay,PGE_valley,68,
1700,PGE_bay,PGE_valley,69,
1701,PGE_bay,PGE_valley,70,
1702,PGE_bay,PGE_valley,71,
1703,PGE_bay,PGE_valley,72,
1704,PGE_bay,SCE,49,
1705,PGE_bay,SCE,50,
1706,PGE_bay,SCE,51,
1707,PGE_bay,SCE,52,
1708,PGE_bay,SCE,53,
1709,PGE_bay,SCE,54,
1710,PGE_bay,SCE,55,
1711,PGE_bay,SCE,56,
1712,PGE_bay,SCE,57,
1713,PGE_bay,SCE,58,
1714,PGE_bay,SCE,59,
1715,PGE_bay,SCE,60,
1716,PGE_bay,SCE,61,
1717,PGE_bay,SCE,62,
1718,PGE_bay,SCE,63,
1719,PGE_bay,SCE,64,
1720,PGE_bay,SCE,65,
1721,PGE_bay,SCE,66,
1722,PGE_bay,SCE,67,
1723,PGE_bay,SCE,68,
1724,PGE_bay,SCE,69,
1725,PGE_bay,SCE,70,
1726,PGE_bay,SCE,71,
1727,PGE_bay,SCE,72,
1728,PGE_bay,PNW,49,
1729,PGE_bay,PNW,50,
1730,PGE_bay,PNW,51,
1731,PGE_bay,PNW,52,
1732,PGE_bay,PNW,53,
1733,PGE_bay,PNW,54,
1734,PGE_bay,PNW,55,
1735,PGE_bay,PNW,56,
1736,PGE_bay,PNW,57,
1737,PGE_bay,PNW,58,
1738,PGE_bay,PNW,59,
1739,PGE_bay,PNW,60,
1740,PGE_bay,PNW,61,
1741,PGE_bay,PNW,62,
1742,PGE_bay,PNW,63,
1743,PGE_bay,PNW,64,
1744,PGE_bay,PNW,65,
1745,PGE_bay,PNW,66,
1746,PGE_bay,PNW,67,
1747,PGE_bay,PNW,68,
1748,PGE_bay,PNW,69,
1749,PGE_bay,PNW,70,
1750,PGE_bay,PNW,71,
1751,PGE_bay,PNW,72,
1752,PGE_bay,SDGE,49,
1753,PGE_bay,SDGE,50,
1754,PGE_bay,SDGE,51,
1755,PGE_bay,SDGE,52,
1756,PGE_bay,SDGE,53,
1757,PGE_bay,SDGE,54,
1758,PGE_bay,SDGE,55,
1759,PGE_bay,SDGE,56,
1760,PGE_bay,SDGE,57,
1761,PGE_bay,SDGE,58,
1762,PGE_bay,SDGE,59,
1763,PGE_bay,SDGE,60,
1764,PGE_bay,SDGE,61,
1765,PGE_bay,SDGE,62,
1766,PGE_bay,SDGE,63,
1767,PGE_bay,SDGE,64,
1768,PGE_bay,SDGE,65,
1769,PGE_bay,SDGE,66,
1770,PGE_bay,SDGE,67,
1771,PGE_bay,SDGE,68,
1772,PGE_bay,SDGE,69,
1773,PGE_bay,SDGE,70,
1774,PGE_bay,SDGE,71,
1775,PGE_bay,SDGE,72,
1776,PGE_bay,PGE_bay,49,
1777,PGE_bay,PGE_bay,50,
1778,PGE_bay,PGE_bay,51,
1779,PGE_bay,PGE_bay,52,
1780,PGE_bay,PGE_bay,53,
1781,PGE_bay,PGE_bay,54,
1782,PGE_bay,PGE_bay,55,
1783,PGE_bay,PGE_bay,56,
1784,PGE_bay,PGE_bay,57,
1785,PGE_bay,PGE_bay,58,
1786,PGE_bay,PGE_bay,59,
1787,PGE_bay,PGE_bay,60,
1788,PGE_bay,PGE_bay,61,
1789,PGE_bay,PGE_bay,62,
1790,PGE_bay,PGE_bay,63,
1791,PGE_bay,PGE_bay,64,
1792,PGE_bay,PGE_bay,65,
1793,PGE_bay,PGE_bay,66,
1794,PGE_bay,PGE_bay,67,
1795,PGE_bay,PGE_bay,68,
1796,PGE_bay,PGE_bay,69,
1797,PGE_bay,PGE_bay,70,
1798,PGE_bay,PGE_bay,71,
1799,PGE_bay,PGE_bay,72,
1800,PGE_valley,PGE_valley,73,
1801,PGE_valley,PGE_valley,74,
1802,PGE_valley,PGE_valley,75,
1803,PGE_valley,PGE_valley,76,
1804,PGE_valley,PGE_valley,77,
1805,PGE_valley,PGE_valley,78,
1806,PGE_valley,PGE_valley,79,
1807,PGE_valley,PGE_valley,80,
1808,PGE_valley,PGE_valley,81,
1809,PGE_valley,PGE_valley,82,
1810,PGE_valley,PGE_valley,83,
1811,PGE_valley,PGE_valley,84,
1812,PGE_valley,PGE_valley,85,
1813,PGE_valley,PGE_valley,86,
1814,PGE_valley,PGE_valley,87,
1815,PGE_valley,PGE_valley,88,
1816,PGE_valley,PGE_valley,89,
1817,PGE_valley,PGE_valley,90,
1818,PGE_valley,PGE_valley,91,
1819,PGE_valley,PGE_valley,92,
1820,PGE_valley,PGE_valley,93,
1821,PGE_valley,PGE_valley,94,
1822,PGE_valley,PGE_valley,95,
1823,PGE_valley,PGE_valley,96,
1824,PGE_valley,SCE,73,
1825,PGE_valley,SCE,74,
1826,PGE_valley,SCE,75,
1827,PGE_valley,SCE,76,
1828,PGE_valley,SCE,77,
1829,PGE_valley,SCE,78,
1830,PGE_valley,SCE,79,
1831,PGE_valley,SCE,80,
1832,PGE_valley,SCE,81,
1833,PGE_valley,SCE,82,
1834,PGE_valley,SCE,83,
1835,PGE_valley,SCE,84,
1836,PGE_valley,SCE,85,
1837,PGE_valley,SCE,86,
1838,PGE_valley,SCE,87,
1839,PGE_valley,SCE,88,
1840,PGE_valley,SCE,89,
1841,PGE_valley,SCE,90,
1842,PGE_valley,SCE,91,
1843,PGE_valley,SCE,92,
1844,PGE_valley,SCE,93,
1845,PGE_valley,SCE,94,
1846,PGE_valley,SCE,95,
1847,PGE_valley,SCE,96,
1848,PGE_valley,PNW,73,
1849,PGE_valley,PNW,74,
1850,PGE_valley,PNW,75,
1851,PGE_valley,PNW,76,
1852,PGE_valley,PNW,77,
1853,PGE_valley,PNW,78,
1854,PGE_valley,PNW,79,
1855,PGE_valley,PNW,80,
1856,PGE_valley,PNW,81,
1857,PGE_valley,PNW,82,
1858,PGE_valley,PNW,83,
1859,PGE_valley,PNW,84,
1860,PGE_valley,PNW,85,
1861,PGE_valley,PNW,86,
1862,PGE_valley,PNW,87,
1863,PGE_valley,PNW,88,
1864,PGE_valley,PNW,89,
1865,PGE_valley,PNW,90,
1866,PGE_valley,PNW,91,
1867,PGE_valley,PNW,92,
1868,PGE_valley,PNW,93,
1869,PGE_valley,PNW,94,
1870,PGE_valley,PNW,95,
1871,PGE_valley,PNW,96,
1872,PGE_valley,SDGE,73,
1873,PGE_valley,SDGE,74,
1874,PGE_valley,SDGE,75,
1875,PGE_valley,SDGE,76,
1876,PGE_valley,SDGE,77,
1877,PGE_valley,SDGE,78,
1878,PGE_valley,SDGE,79,
1879,PGE_valley,SDGE,80,
1880,PGE_valley,SDGE,81,
1881,PGE_valley,SDGE,82,
1882,PGE_valley,SDGE,83,
1883,PGE_valley,SDGE,84,
1884,PGE_valley,SDGE,85,
1885,PGE_valley,SDGE,86,
1886,PGE_valley,SDGE,87,
1887,PGE_valley,SDGE,88,
1888,PGE_valley,SDGE,89,
1889,PGE_valley,SDGE,90,
1890,PGE_valley,SDGE,91,
1891,PGE_valley,SDGE,92,
1892,PGE_valley,SDGE,93,
1893,PGE_valley,SDGE,94,
1894,PGE_valley,SDGE,95,
1895,PGE_valley,SDGE,96,
1896,PGE_valley,PGE_bay,73,
1897,PGE_valley,PGE_bay,74,
1898,PGE_valley,PGE_bay,75,
1899,PGE_valley,PGE_bay,76,
1900,PGE_valley,PGE_bay,77,
1901,PGE_valley,PGE_bay,78,
1902,PGE_valley,PGE_bay,79,
1903,PGE_valley,PGE_bay,80,
1904,PGE_valley,PGE_bay,81,
1905,PGE_valley,PGE_bay,82,
1906,PGE_valley,PGE_bay,83,
1907,PGE_valley,PGE_bay,84,
1908,PGE_valley,PGE_bay,85,
1909,PGE_valley,PGE_bay,86,
1910,PGE_valley,PGE_bay,87,
1911,PGE_valley,PGE_bay,88,
1912,PGE_valley,PGE_bay,89,
1913,PGE_valley,PGE_bay,90,
1914,PGE_valley,PGE_bay,91,
1915,PGE_valley,PGE_bay,92,
1916,PGE_valley,PGE_bay,93,
1917,PGE_valley,PGE_bay,94,
1918,PGE_valley,PGE_bay,95,
1919,PGE_valley,PGE_bay,96,
1920,SCE,PGE_valley,73,
1921,SCE,PGE_valley,74,
1922,SCE,PGE_valley,75,
1923,SCE,PGE_valley,76,
1924,SCE,PGE_valley,77,
1925,SCE,PGE_valley,78,
1926,SCE,PGE_valley,79,
1927,SCE,PGE_valley,80,
1928,SCE,PGE_valley,81,
1929,SCE,PGE_valley,82,
1930,SCE,PGE_valley,83,
1931,SCE,PGE_valley,84,
1932,SCE,PGE_valley,85,
1933,SCE,PGE_valley,86,
1934,SCE,PGE_valley,87,
1935,SCE,PGE_valley,88,
1936,SCE,PGE_valley,89,
1937,SCE,PGE_valley,90,
1938,SCE,PGE_valley,91,
1939,SCE,PGE_valley,92,
1940,SCE,PGE_valley,93,
1941,SCE,PGE_valley,94,
1942,SCE,PGE_valley,95,
1943,SCE,PGE_valley,96,
1944,SCE,SCE,73,
1945,SCE,SCE,74,
1946,SCE,SCE,75,
1947,SCE,SCE,76,
1948,SCE,SCE,77,
1949,SCE,SCE,78,
1950,SCE,SCE,79,
1951,SCE,SCE,80,
1952,SCE,SCE,81,
1953,SCE,SCE,82,
1954,SCE,SCE,83,
1955,SCE,SCE,84,
1956,SCE,SCE,85,
1957,SCE,SCE,86,
1958,SCE,SCE,87,
1959,SCE,SCE,88,
1960,SCE,SCE,89,
1961,SCE,SCE,90,
1962,SCE,SCE,91,
1963,SCE,SCE,92,
1964,SCE,SCE,93,
1965,SCE,SCE,94,
1966,SCE,SCE,95,
1967,SCE,SCE,96,
1968,SCE,PNW,73,
1969,SCE,PNW,74,
1970,SCE,PNW,75,
1971,SCE,PNW,76,
1972,SCE,PNW,77,
1973,SCE,PNW,78,
1974,SCE,PNW,79,
1975,SCE,PNW,80,
1976,SCE,PNW,81,
1977,SCE,PNW,82,
1978,SCE,PNW,83,
1979,SCE,PNW,84,
1980,SCE,PNW,85,
1981,SCE,PNW,86,
1982,SCE,PNW,87,
1983,SCE,PNW,88,
1984,SCE,PNW,89,
1985,SCE,PNW,90,
1986,SCE,PNW,91,
1987,SCE,PNW,92,
1988,SCE,PNW,93,
1989,SCE,PNW,94,
1990,SCE,PNW,95,
1991,SCE,PNW,96,
1992,SCE,SDGE,73,
1993,SCE,SDGE,74,
1994,SCE,SDGE,75,
1995,SCE,SDGE,76,
1996,SCE,SDGE,77,
1997,SCE,SDGE,78,
1998,SCE,SDGE,79,
1999,SCE,SDGE,80,
2000,SCE,SDGE,81,
2001,SCE,SDGE,82,
2002,SCE,SDGE,83,
2003,SCE,SDGE,84,
2004,SCE,SDGE,85,
2005,SCE,SDGE,86,
2006,SCE,SDGE,87,
2007,SCE,SDGE,88,
2008,SCE,SDGE,89,
2009,SCE,SDGE,90,
2010,SCE,SDGE,91,
2011,SCE,SDGE,92,
2012,SCE,SDGE,93,
2013,SCE,SDGE,94,
2014,SCE,SDGE,95,
2015,SCE,SDGE,96,
2016,SCE,PGE_bay,73,
2017,SCE,PGE_bay,74,
2018,SCE,PGE_bay,75,
2019,SCE,PGE_bay,76,
2020,SCE,PGE_bay,77,
2021,SCE,PGE_bay,78,
2022,SCE,PGE_bay,79,
2023,SCE,PGE_bay,80,
2024,SCE,PGE_bay,81,
2025,SCE,PGE_bay,82,
2026,SCE,PGE_bay,83,
2027,SCE,PGE_bay,84,
2028,SCE,PGE_bay,85,
2029,SCE,PGE_bay,86,
2030,SCE,PGE_bay,87,
2031,SCE,PGE_bay,88,
2032,SCE,PGE_bay,89,
2033,SCE,PGE_bay,90,
2034,SCE,PGE_bay,91,
2035,SCE,PGE_bay,92,
2036,SCE,PGE_bay,93,
2037,SCE,PGE_bay,94,
2038,SCE,PGE_bay,95,
2039,SCE,PGE_bay,96,
2040,PNW,PGE_valley,73,
2041,PNW,PGE_valley,74,
2042,PNW,PGE_valley,75,
2043,PNW,PGE_valley,76,
2044,PNW,PGE_valley,77,
2045,PNW,PGE_valley,78,
2046,PNW,PGE_valley,79,
2047,PNW,PGE_valley,80,
2048,PNW,PGE_valley,81,
2049,PNW,PGE_valley,82,
2050,PNW,PGE_valley,83,
2051,PNW,PGE_valley,84,
2052,PNW,PGE_valley,85,
2053,PNW,PGE_valley,86,
2054,PNW,PGE_valley,87,
2055,PNW,PGE_valley,88,
2056,PNW,PGE_valley,89,
2057,PNW,PGE_valley,90,
2058,PNW,PGE_valley,91,
2059,PNW,PGE_valley,92,
2060,PNW,PGE_valley,93,
2061,PNW,PGE_valley,94,
2062,PNW,PGE_valley,95,
2063,PNW,PGE_valley,96,
2064,PNW,SCE,73,
2065,PNW,SCE,74,
2066,PNW,SCE,75,
2067,PNW,SCE,76,
2068,PNW,SCE,77,
2069,PNW,SCE,78,
2070,PNW,SCE,79,
2071,PNW,SCE,80,
2072,PNW,SCE,81,
2073,PNW,SCE,82,
2074,PNW,SCE,83,
2075,PNW,SCE,84,
2076,PNW,SCE,85,
2077,PNW,SCE,86,
2078,PNW,SCE,87,
2079,PNW,SCE,88,
2080,PNW,SCE,89,
2081,PNW,SCE,90,
2082,PNW,SCE,91,
2083,PNW,SCE,92,
2084,PNW,SCE,93,
2085,PNW,SCE,94,
2086,PNW,SCE,95,
2087,PNW,SCE,96,
2088,PNW,PNW,73,
2089,PNW,PNW,74,
2090,PNW,PNW,75,
2091,PNW,PNW,76,
2092,PNW,PNW,77,
2093,PNW,PNW,78,
2094,PNW,PNW,79,
2095,PNW,PNW,80,
2096,PNW,PNW,81,
2097,PNW,PNW,82,
2098,PNW,PNW,83,
2099,PNW,PNW,84,
2100,PNW,PNW,85,
2101,PNW,PNW,86,
2102,PNW,PNW,87,
2103,PNW,PNW,88,
2104,PNW,PNW,89,
2105,PNW,PNW,90,
2106,PNW,PNW,91,
2107,PNW,PNW,92,
2108,PNW,PNW,93,
2109,PNW,PNW,94,
2110,PNW,PNW,95,
2111,PNW,PNW,96,
2112,PNW,SDGE,73,
2113,PNW,SDGE,74,
2114,PNW,SDGE,75,
2115,PNW,SDGE,76,
2116,PNW,SDGE,77,
2117,PNW,SDGE,78,
2118,PNW,SDGE,79,
2119,PNW,SDGE,80,
2120,PNW,SDGE,81,
2121,PNW,SDGE,82,
2122,PNW,SDGE,83,
2123,PNW,SDGE,84,
2124,PNW,SDGE,85,
2125,PNW,SDGE,86,
2126,PNW,SDGE,87,
2127,PNW,SDGE,88,
2128,PNW,SDGE,89,
2129,PNW,SDGE,90,
2130,PNW,SDGE,91,
2131,PNW,SDGE,92,
2132,PNW,SDGE,93,
2133,PNW,SDGE,94,
2134,PNW,SDGE,95,
2135,PNW,SDGE,96,
2136,PNW,PGE_bay,73,
2137,PNW,PGE_bay,74,
2138,PNW,PGE_bay,75,
2139,PNW,PGE_bay,76,
2140,PNW,PGE_bay,77,
2141,PNW,PGE_bay,78,
2142,PNW,PGE_bay,79,
2143,PNW,PGE_bay,80,
2144,PNW,PGE_bay,81,
2145,PNW,PGE_bay,82,
2146,PNW,PGE_bay,83,
2147,PNW,PGE_bay,84,
2148,PNW,PGE_bay,85,
2149,PNW,PGE_bay,86,
2150,PNW,PGE_bay,87,
2151,PNW,PGE_bay,88,
2152,PNW,PGE_bay,89,
2153,PNW,PGE_bay,90,
2154,PNW,PGE_bay,91,
2155,PNW,PGE_bay,92,
2156,PNW,PGE_bay,93,
2157,PNW,PGE_bay,94,
2158,PNW,PGE_bay,95,
2159,PNW,PGE_bay,96,
2160,SDGE,PGE_valley,73,
2161,SDGE,PGE_valley,74,
2162,SDGE,PGE_valley,75,
2163,SDGE,PGE_valley,76,
2164,SDGE,PGE_valley,77,
2165,SDGE,PGE_valley,78,
2166,SDGE,PGE_valley,79,
2167,SDGE,PGE_valley,80,
2168,SDGE,PGE_valley,81,
2169,SDGE,PGE_valley,82,
2170,SDGE,PGE_valley,83,
2171,SDGE,PGE_valley,84,
2172,SDGE,PGE_valley,85,
2173,SDGE,PGE_valley,86,
2174,SDGE,PGE_valley,87,
2175,SDGE,PGE_valley,88,
2176,SDGE,PGE_valley,89,
2177,SDGE,PGE_valley,90,
2178,SDGE,PGE_valley,91,
2179,SDGE,PGE_valley,92,
2180,SDGE,PGE_valley,93,
2181,SDGE,PGE_valley,94,
2182,SDGE,PGE_valley,95,
2183,SDGE,PGE_valley,96,
2184,SDGE,SCE,73,
2185,SDGE,SCE,74,
2186,SDGE,SCE,75,
2187,SDGE,SCE,76,
2188,SDGE,SCE,77,
2189,SDGE,SCE,78,
2190,SDGE,SCE,79,
2191,SDGE,SCE,80,
2192,SDGE,SCE,81,
2193,SDGE,SCE,82,
2194,SDGE,SCE,83,
2195,SDGE,SCE,84,
2196,SDGE,SCE,85,
2197,SDGE,SCE,86,
2198,SDGE,SCE,87,
2199,SDGE,SCE,88,
2200,SDGE,SCE,89,
2201,SDGE,SCE,90,
2202,SDGE,SCE,91,
2203,SDGE,SCE,92,
2204,SDGE,SCE,93,
2205,SDGE,SCE,94,
2206,SDGE,SCE,95,
2207,SDGE,SCE,96,
2208,SDGE,PNW,73,
2209,SDGE,PNW,74,
2210,SDGE,PNW,75,
2211,SDGE,PNW,76,
2212,SDGE,PNW,77,
2213,SDGE,PNW,78,
2214,SDGE,PNW,79,
2215,SDGE,PNW,80,
2216,SDGE,PNW,81,
2217,SDGE,PNW,82,
2218,SDGE,PNW,83,
2219,SDGE,PNW,84,
2220,SDGE,PNW,85,
2221,SDGE,PNW,86,
2222,SDGE,PNW,87,
2223,SDGE,PNW,88,
2224,SDGE,PNW,89,
2225,SDGE,PNW,90,
2226,SDGE,PNW,91,
2227,SDGE,PNW,92,
2228,SDGE,PNW,93,
2229,SDGE,PNW,94,
2230,SDGE,PNW,95,
2231,SDGE,PNW,96,
2232,SDGE,SDGE,73,
2233,SDGE,SDGE,74,
2234,SDGE,SDGE,75,
2235,SDGE,SDGE,76,
2236,SDGE,SDGE,77,
2237,SDGE,SDGE,78,
2238,SDGE,SDGE,79,
2239,SDGE,SDGE,80,
2240,SDGE,SDGE,81,
2241,SDGE,SDGE,82,
2242,SDGE,SDGE,83,
2243,SDGE,SDGE,84,
2244,SDGE,SDGE,85,
2245,SDGE,SDGE,86,
2246,SDGE,SDGE,87,
2247,SDGE,SDGE,88,
2248,SDGE,SDGE,89,
2249,SDGE,SDGE,90,
2250,SDGE,SDGE,91,
2251,SDGE,SDGE,92,
2252,SDGE,SDGE,93,
2253,SDGE,SDGE,94,
2254,SDGE,SDGE,95,
2255,SDGE,SDGE,96,
2256,SDGE,PGE_bay,73,
2257,SDGE,PGE_bay,74,
2258,SDGE,PGE_bay,75,
2259,SDGE,PGE_bay,76,
2260,SDGE,PGE_bay,77,
2261,SDGE,PGE_bay,78,
2262,SDGE,PGE_bay,79,
2263,SDGE,PGE_bay,80,
2264,SDGE,PGE_bay,81,
2265,SDGE,PGE_bay,82,
2266,SDGE,PGE_bay,83,
2267,SDGE,PGE_bay,84,
2268,SDGE,PGE_bay,85,
2269,SDGE,PGE_bay,86,
2270,SDGE,PGE_bay,87,
2271,SDGE,PGE_bay,88,
2272,SDGE,PGE_bay,89,
2273,SDGE,PGE_bay,90,
2274,SDGE,PGE_bay,91,
2275,SDGE,PGE_bay,92,
2276,SDGE,PGE_bay,93,
2277,SDGE,PGE_bay,94,
2278,SDGE,PGE_bay,95,
2279,SDGE,PGE_bay,96,
2280,PGE_bay,PGE_valley,73,
2281,PGE_bay,PGE_valley,74,
2282,PGE_bay,PGE_valley,75,
2283,PGE_bay,PGE_valley,76,
2284,PGE_bay,PGE_valley,77,
2285,PGE_bay,PGE_valley,78,
2286,PGE_bay,PGE_valley,79,
2287,PGE_bay,PGE_valley,80,
2288,PGE_bay,PGE_valley,81,
2289,PGE_bay,PGE_valley,82,
2290,PGE_bay,PGE_valley,83,
2291,PGE_bay,PGE_valley,84,
2292,PGE_bay,PGE_valley,85,
2293,PGE_bay,PGE_valley,86,
2294,PGE_bay,PGE_valley,87,
2295,PGE_bay,PGE_valley,88,
2296,PGE_bay,PGE_valley,89,
2297,PGE_bay,PGE_valley,90,
2298,PGE_bay,PGE_valley,91,
2299,PGE_bay,PGE_valley,92,
2300,PGE_bay,PGE_valley,93,
2301,PGE_bay,PGE_valley,94,
2302,PGE_bay,PGE_valley,95,
2303,PGE_bay,PGE_valley,96,
2304,PGE_bay,SCE,73,
2305,PGE_bay,SCE,74,
2306,PGE_bay,SCE,75,
2307,PGE_bay,SCE,76,
2308,PGE_bay,SCE,77,
2309,PGE_bay,SCE,78,
2310,PGE_bay,SCE,79,
2311,PGE_bay,SCE,80,
2312,PGE_bay,SCE,81,
2313,PGE_bay,SCE,82,
2314,PGE_bay,SCE,83,
2315,PGE_bay,SCE,84,
2316,PGE_bay,SCE,85,
2317,PGE_bay,SCE,86,
2318,PGE_bay,SCE,87,
2319,PGE_bay,SCE,88,
2320,PGE_bay,SCE,89,
2321,PGE_bay,SCE,90,
2322,PGE_bay,SCE,91,
2323,PGE_bay,SCE,92,
2324,PGE_bay,SCE,93,
2325,PGE_bay,SCE,94,
2326,PGE_bay,SCE,95,
2327,PGE_bay,SCE,96,
2328,PGE_bay,PNW,73,
2329,PGE_bay,PNW,74,
2330,PGE_bay,PNW,75,
2331,PGE_bay,PNW,76,
2332,PGE_bay,PNW,77,
2333,PGE_bay,PNW,78,
2334,PGE_bay,PNW,79,
2335,PGE_bay,PNW,80,
2336,PGE_bay,PNW,81,
2337,PGE_bay,PNW,82,
2338,PGE_bay,PNW,83,
2339,PGE_bay,PNW,84,
2340,PGE_bay,PNW,85,
2341,PGE_bay,PNW,86,
2342,PGE_bay,PNW,87,
2343,PGE_bay,PNW,88,
2344,PGE_bay,PNW,89,
2345,PGE_bay,PNW,90,
2346,PGE_bay,PNW,91,
2347,PGE_bay,PNW,92,
2348,PGE_bay,PNW,93,
2349,PGE_bay,PNW,94,
2350,PGE_bay,PNW,95,
2351,PGE_bay,PNW,96,
2352,PGE_bay,SDGE,73,
2353,PGE_bay,SDGE,74,
2354,PGE_bay,SDGE,75,
2355,PGE_bay,SDGE,76,
2356,PGE_bay,SDGE,77,
2357,PGE_bay,SDGE,78,
2358,PGE_bay,SDGE,79,
2359,PGE_bay,SDGE,80,
2360,PGE_bay,SDGE,81,
2361,PGE_bay,SDGE,82,
2362,PGE_bay,SDGE,83,
2363,PGE_bay,SDGE,84,
2364,PGE_bay,SDGE,85,
2365,PGE_bay,SDGE,86,
2366,PGE_bay,SDGE,87,
2367,PGE_bay,SDGE,88,
2368,PGE_bay,SDGE,89,
2369,PGE_bay,SDGE,90,
2370,PGE_bay,SDGE,91,
2371,PGE_bay,SDGE,92,
2372,PGE_bay,SDGE,93,
2373,PGE_bay,SDGE,94,
2374,PGE_bay,SDGE,95,
2375,PGE_bay,SDGE,96,
2376,PGE_bay,PGE_bay,73,
2377,PGE_bay,PGE_bay,74,
2378,PGE_bay,PGE_bay,75,
2379,PGE_bay,PGE_bay,76,
2380,PGE_bay,PGE_bay,77,
2381,PGE_bay,PGE_bay,78,
2382,PGE_bay,PGE_bay,79,
2383,PGE_bay,PGE_bay,80,
2384,PGE_bay,PGE_bay,81,
2385,PGE_bay,PGE_bay,82,
2386,PGE_bay,PGE_bay,83,
2387,PGE_bay,PGE_bay,84,
2388,PGE_bay,PGE_bay,85,
2389,PGE_bay,PGE_bay,86,
2390,PGE_bay,PGE_bay,87,
2391,PGE_bay,PGE_bay,88,
2392,PGE_bay,PGE_bay,89,
2393,PGE_bay,PGE_bay,90,
2394,PGE_bay,PGE_bay,91,
2395,PGE_bay,PGE_bay,92,
2396,PGE_bay,PGE_bay,93,
2397,PGE_bay,PGE_bay,94,
2398,PGE_bay,PGE_bay,95,
2399,PGE_bay,PGE_bay,96,
